libra_field,jsonpath,container,funcapp_xhibit_status,funcapp_libra_action,canonical_field,canonical_status,pcfdlrm_field,pcfdlrm_status,progression_field,progression_status,change_required,change_type,change_detail,tier,notes
summonsCode,$.migratedCase.caseDetails.summonsCode,caseDetails,not_validated,declare,n/a,added_not_in_canonical,case-details.json#summonsCode (type=string),exists_same_name,prosecutionCase.json#summonsCode,exists_optional,yes,add-optional-field,"Canonical: add summonsCode to caseDetails as optional (the object is closed, so an undeclared field is a terminal 4xx). Add to caseDetails as optional; live end to end. Func-app: declare summonsCode as optional in the new LIBRA schema — the generated caseDetails is closed (additionalProperties:false), so an undeclared field is rejected at the gate; XHIBIT's own file is unchanged",1-drop-in,LIBRA sheet row 13; Add to caseDetails as optional; live end to end
driverNumber,$.migratedCase.defendants[*].driverNumber,defendants[*],not_validated,not-validated-at-gate,n/a,added_not_in_canonical,individual.json#driverNumber (type=string maxLength=16),exists_same_name,personDefendant.json#driverNumber,exists_optional,yes,add-optional-field,"Canonical: add driverNumber to defendants[*] as optional (the object is closed, so an undeclared field is a terminal 4xx). Add to INDIVIDUAL (not defendant) as optional; identical in PCFDLRM, live in core",1-drop-in,"LIBRA sheet row 77; Add to INDIVIDUAL (not defendant) as optional; identical in PCFDLRM, live in core"
nationalInsuranceNumber,$.migratedCase.defendants[*].nationalInsuranceNumber,defendants[*],not_validated,not-validated-at-gate,n/a,added_not_in_canonical,individual.json#nationalInsuranceNumber ($ref=nationalInsuranceNumber),exists_same_name,person.json#nationalInsuranceNumber,exists_optional,yes,add-optional-field,"Canonical: add nationalInsuranceNumber to defendants[*] as optional (the object is closed, so an undeclared field is a terminal 4xx). Add to INDIVIDUAL as optional — stagingDLRM's own pcf-definitions.json already defines the pattern but references it nowhere, so this is a one-line $ref. Live end to end",1-drop-in,"LIBRA sheet row 92; Add to INDIVIDUAL as optional — stagingDLRM's own pcf-definitions.json already defines the pattern but references it nowhere, so this is a one-line $ref. Live end to end"
occupation,$.migratedCase.defendants[*].occupation,defendants[*],not_validated,not-validated-at-gate,n/a,added_not_in_canonical,personal-information.json#occupation (type=string maxLength=54),exists_same_name,person.json#occupation,exists_optional,yes,add-optional-field,"Canonical: add occupation to defendants[*] as optional (the object is closed, so an undeclared field is a terminal 4xx). Add to PERSONAL-INFORMATION (not defendant) as optional; identical in PCFDLRM, live in core",1-drop-in,"LIBRA sheet row 75; Add to PERSONAL-INFORMATION (not defendant) as optional; identical in PCFDLRM, live in core"
backDuty,$.migratedCase.defendants[*].offences[*].backDuty,defendants[*].offences[*],not_validated,not-validated-at-gate,n/a,added_not_in_canonical,migrated/migrated-offence.json#backDuty (type=number),exists_same_name,n/a,no_field,yes,add-optional-field,"Canonical: add backDuty to defendants[*].offences[*] as optional (the object is closed, so an undeclared field is a terminal 4xx). Add to offence as optional; drop the generator's minimum:0. Core has backDuty only in sjp-public-model/financialPenalty.json and discharge.json, neither reachable from the courtReferral payload",1-drop-in,"LIBRA sheet row 142; Add to offence as optional; drop the generator's minimum:0. Core has backDuty only in sjp-public-model/financialPenalty.json and discharge.json, neither reachable from the courtReferral payload"
backDutyDateFrom,$.migratedCase.defendants[*].offences[*].backDutyDateFrom,defendants[*].offences[*],not_validated,not-validated-at-gate,n/a,added_not_in_canonical,migrated/migrated-offence.json#backDutyDateFrom ($ref=date),exists_same_name,n/a,no_field,yes,add-optional-field,"Canonical: add backDutyDateFrom to defendants[*].offences[*] as optional (the object is closed, so an undeclared field is a terminal 4xx). Add to offence as optional; $ref date, identical in PCFDLRM. No core case-model field",1-drop-in,"LIBRA sheet row 143; Add to offence as optional; $ref date, identical in PCFDLRM. No core case-model field"
backDutyDateTo,$.migratedCase.defendants[*].offences[*].backDutyDateTo,defendants[*].offences[*],not_validated,not-validated-at-gate,n/a,added_not_in_canonical,migrated/migrated-offence.json#backDutyDateTo ($ref=date),exists_same_name,n/a,no_field,yes,add-optional-field,"Canonical: add backDutyDateTo to defendants[*].offences[*] as optional (the object is closed, so an undeclared field is a terminal 4xx). Add to offence as optional; $ref date, identical in PCFDLRM. No core case-model field",1-drop-in,"LIBRA sheet row 144; Add to offence as optional; $ref date, identical in PCFDLRM. No core case-model field"
prosecutorOfferAOCP,$.migratedCase.defendants[*].offences[*].prosecutorOfferAOCP,defendants[*].offences[*],not_validated,not-validated-at-gate,n/a,added_not_in_canonical,migrated/migrated-offence.json#prosecutorOfferAOCP (type=boolean),exists_same_name,n/a,no_field,yes,add-optional-field,"Canonical: add prosecutorOfferAOCP to defendants[*].offences[*] as optional (the object is closed, so an undeclared field is a terminal 4xx). Add to offence as optional; boolean, identical in PCFDLRM. No core case-model field",1-drop-in,"LIBRA sheet row 148; Add to offence as optional; boolean, identical in PCFDLRM. No core case-model field"
statementOfFacts,$.migratedCase.defendants[*].offences[*].statementOfFacts,defendants[*].offences[*],not_validated,not-validated-at-gate,n/a,added_not_in_canonical,migrated/migrated-offence.json#statementOfFacts (type=string maxLength=4000),exists_same_name,prosecutionCase.json#statementOfFacts,exists_optional,yes,add-optional-field,"Canonical: add statementOfFacts to defendants[*].offences[*] as optional (the object is closed, so an undeclared field is a terminal 4xx). Add to offence as optional; identical in PCFDLRM. NOTE core holds it at CASE level, not per offence — multi-offence LIBRA text collapses at the Progression hop",1-drop-in,"LIBRA sheet row 139; Add to offence as optional; identical in PCFDLRM. NOTE core holds it at CASE level, not per offence — multi-offence LIBRA text collapses at the Progression hop"
statementOfFactsWelsh,$.migratedCase.defendants[*].offences[*].statementOfFactsWelsh,defendants[*].offences[*],not_validated,not-validated-at-gate,n/a,added_not_in_canonical,migrated/migrated-offence.json#statementOfFactsWelsh (type=string maxLength=4000),exists_same_name,prosecutionCase.json#statementOfFactsWelsh,exists_optional,yes,add-optional-field,"Canonical: add statementOfFactsWelsh to defendants[*].offences[*] as optional (the object is closed, so an undeclared field is a terminal 4xx). Add to offence as optional; identical in PCFDLRM. Core holds it at CASE level",1-drop-in,LIBRA sheet row 140; Add to offence as optional; identical in PCFDLRM. Core holds it at CASE level
vehicleCode,$.migratedCase.defendants[*].offences[*].vehicleCode,defendants[*].offences[*],not_validated,not-validated-at-gate,n/a,added_not_in_canonical,vehicle-related-offence.json#vehicleCode (type=string),exists_same_name,offenceFacts.json#vehicleCode,exists_optional,yes,add-optional-field,"Canonical: add vehicleCode to defendants[*].offences[*] as optional (the object is closed, so an undeclared field is a terminal 4xx). Add to offence as optional; PCFDLRM groups it under vehicleRelatedOffence, core under offenceFacts",1-drop-in,"LIBRA sheet row 145; Add to offence as optional; PCFDLRM groups it under vehicleRelatedOffence, core under offenceFacts"
vehicleMake,$.migratedCase.defendants[*].offences[*].vehicleMake,defendants[*].offences[*],not_validated,not-validated-at-gate,n/a,added_not_in_canonical,migrated/migrated-offence.json#vehicleMake ($ref=vehicleMake),exists_same_name,offenceFacts.json#vehicleMake,exists_optional,yes,add-optional-field,"Canonical: add vehicleMake to defendants[*].offences[*] as optional (the object is closed, so an undeclared field is a terminal 4xx). Add to offence as optional; core defines the type as string maxLength 60 — exactly the sheet's A60. Reaches Progression via offence.offenceFacts. NOTE this was previously recorded as dying at PCFDLRM; that rested on rooting reachability at the external apiProsecutionCase model instead of the courtReferral payload",1-drop-in,LIBRA sheet row 146; Add to offence as optional; core defines the type as string maxLength 60 — exactly the sheet's A60. Reaches Progression via offence.offenceFacts. NOTE this was previously recorded as dying at PCFDLRM; that rested on rooting reachability at the external apiProsecutionCase model instead of the courtReferral payload
vehicleRegistrationMark,$.migratedCase.defendants[*].offences[*].vehicleRegistrationMark,defendants[*].offences[*],not_validated,not-validated-at-gate,n/a,added_not_in_canonical,migrated/migrated-offence.json#vehicleRegistrationMark ($ref=vehicleRegistrationMark),exists_same_name,offenceFacts.json#vehicleRegistration,exists_optional,yes,add-optional-field,"Canonical: add vehicleRegistrationMark to defendants[*].offences[*] as optional (the object is closed, so an undeclared field is a terminal 4xx). Add to offence as optional; use the core $ref (maxLength 11 + pattern) PCFDLRM uses. Core renames it vehicleRegistration under offenceFacts",1-drop-in,LIBRA sheet row 147; Add to offence as optional; use the core $ref (maxLength 11 + pattern) PCFDLRM uses. Core renames it vehicleRegistration under offenceFacts
additionalNationality,$.migratedCase.defendants[*].individual.selfDefinedInformation.additionalNationality,defendants[*].individual.selfDefinedInformation,not_validated,not-validated-at-gate,n/a,added_not_in_canonical,self-defined-information.json#additionalNationality (type=string maxLength=3),exists_same_name,person.json#additionalNationalityCode,exists_optional,yes,add-optional-field,"Canonical: add additionalNationality to defendants[*].individual.selfDefinedInformation as optional (the object is closed, so an undeclared field is a terminal 4xx). Add to selfDefinedInformation as optional; identical in PCFDLRM. Core names it additionalNationalityCode (also has Id/Description)",1-drop-in,LIBRA sheet row 65; Add to selfDefinedInformation as optional; identical in PCFDLRM. Core names it additionalNationalityCode (also has Id/Description)
defendantOccupationCode,$.migratedCase.defendants[*].defendantOccupationCode,defendants[*],not_validated,not-validated-at-gate,n/a,added_not_in_canonical,personal-information.json#occupationCode (type=integer),exists_different_name,person.json#occupationCode,exists_optional,yes,add-optional-field,"Canonical: add defendantOccupationCode to defendants[*] as optional (the object is closed, so an undeclared field is a terminal 4xx). Add to personalInformation as optional, named occupationCode to match PCFDLRM and core",2-renamed,"LIBRA sheet row 76; Add to personalInformation as optional, named occupationCode to match PCFDLRM and core"
licenseCode,$.migratedCase.defendants[*].licenseCode,defendants[*],not_validated,not-validated-at-gate,n/a,added_not_in_canonical,individual.json#driverLicenceCode (type=string),exists_different_name,personDefendant.json#driverLicenceCode,exists_optional,yes,add-optional-field,"Canonical: add licenseCode to defendants[*] as optional (the object is closed, so an undeclared field is a terminal 4xx). Add to individual as optional, named driverLicenceCode to match both PCFDLRM and core; note both also carry driverLicence/LicenseIssue",2-renamed,"LIBRA sheet row 78; Add to individual as optional, named driverLicenceCode to match both PCFDLRM and core; note both also carry driverLicence/LicenseIssue"
prosecutorCompensation,$.migratedCase.defendants[*].offences[*].prosecutorCompensation,defendants[*].offences[*],not_validated,not-validated-at-gate,n/a,added_not_in_canonical,migrated/migrated-offence.json#appliedCompensation (type=number),exists_different_name,n/a,no_field,yes,add-optional-field,"Canonical: add prosecutorCompensation to defendants[*].offences[*] as optional (the object is closed, so an undeclared field is a terminal 4xx). Likely PCFDLRM appliedCompensation (number both sides) — CONFIRM semantics. No core case-model field",2-renamed,LIBRA sheet row 141; Likely PCFDLRM appliedCompensation (number both sides) — CONFIRM semantics. No core case-model field
middleName2,$.migratedCase.defendants[*].individual.personalInformation.middleName2,defendants[*].individual.personalInformation,not_validated,not-validated-at-gate,n/a,added_not_in_canonical,personal-information.json#givenName3 (type=string maxLength=35),exists_different_name,n/a,no_field,yes,add-optional-field,"Canonical: add middleName2 to defendants[*].individual.personalInformation as optional (the object is closed, so an undeclared field is a terminal 4xx). Maps to PCFDLRM givenName3 (maxLength 35 vs the sheet's 255), but no reachable core schema has a third given name (person.json has one middleName) — lost at the PCFDLRM->Progression hop",2-renamed,"LIBRA sheet row 59; Maps to PCFDLRM givenName3 (maxLength 35 vs the sheet's 255), but no reachable core schema has a third given name (person.json has one middleName) — lost at the PCFDLRM->Progression hop"
dxAddress,$.migratedCase.officerInCase.dxAddress,officerInCase,not_validated,not-validated-at-gate,n/a,added_not_in_canonical,n/a,no_field,n/a,no_field,yes,add-field-blocked-downstream,"Canonical: add dxAddress to officerInCase as optional (the object is closed, so an undeclared field is a terminal 4xx). No home in the criminal-court model. Only cps-core-domain/contact-details.json has dxAddress, a different domain — defer. PCFDLRM: PCFDLRM has no home for it yet, so canonical alone makes it write-only",3-officer-pcfdlrm-gap,"LIBRA sheet row 43; No home in the criminal-court model. Only cps-core-domain/contact-details.json has dxAddress, a different domain — defer"
faxNumber,$.migratedCase.officerInCase.faxNumber,officerInCase,not_validated,not-validated-at-gate,n/a,added_not_in_canonical,n/a,no_field,contactNumber.json#fax,exists_optional,yes,add-field-blocked-downstream,"Canonical: add faxNumber to officerInCase as optional (the object is closed, so an undeclared field is a terminal 4xx). Core has it as apiContactNumber.fax; PCFDLRM's contact-details has no fax — PCFDLRM needs the field added. PCFDLRM: PCFDLRM has no home for it yet, so canonical alone makes it write-only",3-officer-pcfdlrm-gap,LIBRA sheet row 42; Core has it as apiContactNumber.fax; PCFDLRM's contact-details has no fax — PCFDLRM needs the field added
forename,$.migratedCase.officerInCase.forename,officerInCase,not_validated,not-validated-at-gate,n/a,added_not_in_canonical,personal-information.json#personalInformation.firstName (type=string maxLength=130),exists_different_name,person.json#firstName,exists_optional,yes,add-field-blocked-downstream,"Canonical: add forename to officerInCase as optional (the object is closed, so an undeclared field is a terminal 4xx). Officer names travel via personDetails -> apiPerson.firstName. PCFDLRM: PCFDLRM has no home for it yet, so canonical alone makes it write-only",3-officer-pcfdlrm-gap,LIBRA sheet row 24; Officer names travel via personDetails -> apiPerson.firstName
forename2,$.migratedCase.officerInCase.forename2,officerInCase,not_validated,not-validated-at-gate,n/a,added_not_in_canonical,personal-information.json#personalInformation.givenName2 (type=string maxLength=35),exists_different_name,person.json#middleName,exists_optional,yes,add-field-blocked-downstream,"Canonical: add forename2 to officerInCase as optional (the object is closed, so an undeclared field is a terminal 4xx). Officer second forename -> core person.middleName. PCFDLRM: PCFDLRM has no home for it yet, so canonical alone makes it write-only",3-officer-pcfdlrm-gap,LIBRA sheet row 25; Officer second forename -> core person.middleName
forename3,$.migratedCase.officerInCase.forename3,officerInCase,not_validated,not-validated-at-gate,n/a,added_not_in_canonical,personal-information.json#personalInformation.givenName3 (type=string maxLength=35),exists_different_name,n/a,no_field,yes,add-field-blocked-downstream,"Canonical: add forename3 to officerInCase as optional (the object is closed, so an undeclared field is a terminal 4xx). PCFDLRM has givenName3; core has forename3 only in cpsPersonDefendantDetails.json, which is NOT reachable from the courtReferral payload, and apiPerson has a single middleName — third forename is lost downstream. PCFDLRM: PCFDLRM has no home for it yet, so canonical alone makes it write-only",3-officer-pcfdlrm-gap,"LIBRA sheet row 26; PCFDLRM has givenName3; core has forename3 only in cpsPersonDefendantDetails.json, which is NOT reachable from the courtReferral payload, and apiPerson has a single middleName — third forename is lost downstream"
mobileTelephoneNumber,$.migratedCase.officerInCase.mobileTelephoneNumber,officerInCase,not_validated,not-validated-at-gate,n/a,added_not_in_canonical,contact-details.json#contactDetails.mobile (type=string maxLength=35),exists_different_name,contactNumber.json#mobile,exists_optional,yes,add-field-blocked-downstream,"Canonical: add mobileTelephoneNumber to officerInCase as optional (the object is closed, so an undeclared field is a terminal 4xx). Maps onto contactDetails.mobile / core contactNumber.mobile. PCFDLRM: PCFDLRM has no home for it yet, so canonical alone makes it write-only",3-officer-pcfdlrm-gap,LIBRA sheet row 39; Maps onto contactDetails.mobile / core contactNumber.mobile
policeOfficerRank,$.migratedCase.officerInCase.policeOfficerRank,officerInCase,not_validated,not-validated-at-gate,n/a,added_not_in_canonical,pcf-policeOfficerInCase.json#policeOfficerRank (type=string maxLength=130),exists_same_name,policeOfficerInCase.json#policeOfficerRank,exists_mandatory,yes,add-field-blocked-downstream,"Canonical: add policeOfficerRank to officerInCase as optional (the object is closed, so an undeclared field is a terminal 4xx). REQUIRED in core's officer block. PCFDLRM has the field but its officer schema is referenced by nothing — PCFDLRM must wire it up. PCFDLRM: PCFDLRM has no home for it yet, so canonical alone makes it write-only",3-officer-pcfdlrm-gap,LIBRA sheet row 28; REQUIRED in core's officer block. PCFDLRM has the field but its officer schema is referenced by nothing — PCFDLRM must wire it up
policeWorkerLocationCode,$.migratedCase.officerInCase.policeWorkerLocationCode,officerInCase,not_validated,not-validated-at-gate,n/a,added_not_in_canonical,n/a,no_field,policeOfficerInCase.json#policeWorkerLocationCode,exists_mandatory,yes,add-field-blocked-downstream,"Canonical: add policeWorkerLocationCode to officerInCase as optional (the object is closed, so an undeclared field is a terminal 4xx). REQUIRED in core's officer block but absent from PCFDLRM — PCFDLRM needs the field added. PCFDLRM: PCFDLRM has no home for it yet, so canonical alone makes it write-only",3-officer-pcfdlrm-gap,LIBRA sheet row 30; REQUIRED in core's officer block but absent from PCFDLRM — PCFDLRM needs the field added
policeWorkerReferenceNumber,$.migratedCase.officerInCase.policeWorkerReferenceNumber,officerInCase,not_validated,not-validated-at-gate,n/a,added_not_in_canonical,n/a,no_field,policeOfficerInCase.json#policeWorkerReferenceNumber,exists_mandatory,yes,add-field-blocked-downstream,"Canonical: add policeWorkerReferenceNumber to officerInCase as optional (the object is closed, so an undeclared field is a terminal 4xx). REQUIRED in core's officer block but absent from PCFDLRM — PCFDLRM needs the field added. PCFDLRM: PCFDLRM has no home for it yet, so canonical alone makes it write-only",3-officer-pcfdlrm-gap,LIBRA sheet row 29; REQUIRED in core's officer block but absent from PCFDLRM — PCFDLRM needs the field added
primaryEmail,$.migratedCase.officerInCase.primaryEmail,officerInCase,not_validated,not-validated-at-gate,n/a,added_not_in_canonical,contact-details.json#contactDetails.primaryEmail (type=string maxLength=255),exists_same_name,contactNumber.json#primaryEmail,exists_optional,yes,add-field-blocked-downstream,"Canonical: add primaryEmail to officerInCase as optional (the object is closed, so an undeclared field is a terminal 4xx). Maps onto contactDetails.primaryEmail / core contactNumber.primaryEmail. PCFDLRM: PCFDLRM has no home for it yet, so canonical alone makes it write-only",3-officer-pcfdlrm-gap,LIBRA sheet row 40; Maps onto contactDetails.primaryEmail / core contactNumber.primaryEmail
secondaryEmail,$.migratedCase.officerInCase.secondaryEmail,officerInCase,not_validated,not-validated-at-gate,n/a,added_not_in_canonical,contact-details.json#contactDetails.secondaryEmail (type=string maxLength=255),exists_same_name,contactNumber.json#secondaryEmail,exists_optional,yes,add-field-blocked-downstream,"Canonical: add secondaryEmail to officerInCase as optional (the object is closed, so an undeclared field is a terminal 4xx). Maps onto contactDetails.secondaryEmail / core contactNumber.secondaryEmail. PCFDLRM: PCFDLRM has no home for it yet, so canonical alone makes it write-only",3-officer-pcfdlrm-gap,LIBRA sheet row 41; Maps onto contactDetails.secondaryEmail / core contactNumber.secondaryEmail
surname,$.migratedCase.officerInCase.surname,officerInCase,not_validated,not-validated-at-gate,n/a,added_not_in_canonical,personal-information.json#personalInformation.lastName (type=string maxLength=35),exists_different_name,person.json#lastName,exists_mandatory,yes,add-field-blocked-downstream,"Canonical: add surname to officerInCase as optional (the object is closed, so an undeclared field is a terminal 4xx). Officer surname -> core person.lastName (required there). PCFDLRM: PCFDLRM has no home for it yet, so canonical alone makes it write-only",3-officer-pcfdlrm-gap,LIBRA sheet row 27; Officer surname -> core person.lastName (required there)
uniquePropertyReferenceNumber,$.migratedCase.officerInCase.uniquePropertyReferenceNumber,officerInCase,not_validated,not-validated-at-gate,n/a,added_not_in_canonical,n/a,no_field,n/a,no_field,yes,add-field-blocked-downstream,"Canonical: add uniquePropertyReferenceNumber to officerInCase as optional (the object is closed, so an undeclared field is a terminal 4xx). The ONLY LIBRA field with no counterpart in PCFDLRM or anywhere in the core domain — defer. PCFDLRM: PCFDLRM has no home for it yet, so canonical alone makes it write-only",3-officer-pcfdlrm-gap,LIBRA sheet row 31; The ONLY LIBRA field with no counterpart in PCFDLRM or anywhere in the core domain — defer
workTelephoneNumber,$.migratedCase.officerInCase.workTelephoneNumber,officerInCase,not_validated,not-validated-at-gate,n/a,added_not_in_canonical,contact-details.json#contactDetails.work (type=string maxLength=35),exists_different_name,contactNumber.json#work,exists_optional,yes,add-field-blocked-downstream,"Canonical: add workTelephoneNumber to officerInCase as optional (the object is closed, so an undeclared field is a terminal 4xx). Maps onto contactDetails.work / core contactNumber.work. PCFDLRM: PCFDLRM has no home for it yet, so canonical alone makes it write-only",3-officer-pcfdlrm-gap,LIBRA sheet row 38; Maps onto contactDetails.work / core contactNumber.work
address1,$.migratedCase.officerInCase.address.address1,officerInCase.address,not_validated,not-validated-at-gate,n/a,added_not_in_canonical,pcf-address.json#address1 (type=string),exists_same_name,address.json#address1,exists_mandatory,yes,add-field-blocked-downstream,"Canonical: add address1 to officerInCase.address as optional (the object is closed, so an undeclared field is a terminal 4xx). Officer address reuses pcf-address / core address. PCFDLRM: PCFDLRM has no home for it yet, so canonical alone makes it write-only",3-officer-pcfdlrm-gap,LIBRA sheet row 32; Officer address reuses pcf-address / core address
address2,$.migratedCase.officerInCase.address.address2,officerInCase.address,not_validated,not-validated-at-gate,n/a,added_not_in_canonical,pcf-address.json#address2 (type=string),exists_same_name,address.json#address2,exists_optional,yes,add-field-blocked-downstream,"Canonical: add address2 to officerInCase.address as optional (the object is closed, so an undeclared field is a terminal 4xx). Officer address reuses pcf-address / core address. PCFDLRM: PCFDLRM has no home for it yet, so canonical alone makes it write-only",3-officer-pcfdlrm-gap,LIBRA sheet row 33; Officer address reuses pcf-address / core address
address3,$.migratedCase.officerInCase.address.address3,officerInCase.address,not_validated,not-validated-at-gate,n/a,added_not_in_canonical,pcf-address.json#address3 (type=string),exists_same_name,address.json#address3,exists_optional,yes,add-field-blocked-downstream,"Canonical: add address3 to officerInCase.address as optional (the object is closed, so an undeclared field is a terminal 4xx). Officer address reuses pcf-address / core address. PCFDLRM: PCFDLRM has no home for it yet, so canonical alone makes it write-only",3-officer-pcfdlrm-gap,LIBRA sheet row 34; Officer address reuses pcf-address / core address
address4,$.migratedCase.officerInCase.address.address4,officerInCase.address,not_validated,not-validated-at-gate,n/a,added_not_in_canonical,pcf-address.json#address4 (type=string),exists_same_name,address.json#address4,exists_optional,yes,add-field-blocked-downstream,"Canonical: add address4 to officerInCase.address as optional (the object is closed, so an undeclared field is a terminal 4xx). Officer address reuses pcf-address / core address. PCFDLRM: PCFDLRM has no home for it yet, so canonical alone makes it write-only",3-officer-pcfdlrm-gap,LIBRA sheet row 35; Officer address reuses pcf-address / core address
address5,$.migratedCase.officerInCase.address.address5,officerInCase.address,not_validated,not-validated-at-gate,n/a,added_not_in_canonical,pcf-address.json#address5 (type=string),exists_same_name,address.json#address5,exists_optional,yes,add-field-blocked-downstream,"Canonical: add address5 to officerInCase.address as optional (the object is closed, so an undeclared field is a terminal 4xx). Officer address reuses pcf-address / core address. PCFDLRM: PCFDLRM has no home for it yet, so canonical alone makes it write-only",3-officer-pcfdlrm-gap,LIBRA sheet row 36; Officer address reuses pcf-address / core address
postcode,$.migratedCase.officerInCase.address.postcode,officerInCase.address,not_validated,not-validated-at-gate,n/a,added_not_in_canonical,pcf-address.json#postcode (type=string),exists_same_name,address.json#postcode,exists_optional,yes,add-field-blocked-downstream,"Canonical: add postcode to officerInCase.address as optional (the object is closed, so an undeclared field is a terminal 4xx). Officer address reuses pcf-address / core address. PCFDLRM: PCFDLRM has no home for it yet, so canonical alone makes it write-only",3-officer-pcfdlrm-gap,LIBRA sheet row 37; Officer address reuses pcf-address / core address
numPreviousConvictions,$.migratedCase.defendants[*].numPreviousConvictions,defendants[*],not_validated,not-validated-at-gate,n/a,added_not_in_canonical,n/a,no_field,defendant.json#numberOfPreviousConvictionsCited,exists_optional,yes,add-field-blocked-downstream,"Canonical: add numPreviousConvictions to defendants[*] as optional (the object is closed, so an undeclared field is a terminal 4xx). Live and reachable in core as defendant.numberOfPreviousConvictionsCited (""number of previous convictions cited by the prosecuting authority""). Blocked at PCFDLRM, which has no equivalent — same shape as convictionDate. PCFDLRM: PCFDLRM has no home for it yet, so canonical alone makes it write-only",4-pcfdlrm-gap,"LIBRA sheet row 91; Live and reachable in core as defendant.numberOfPreviousConvictionsCited (""number of previous convictions cited by the prosecuting authority""). Blocked at PCFDLRM, which has no equivalent — same shape as convictionDate"
organisationTelephoneNumber,$.migratedCase.defendants[*].organisationTelephoneNumber,defendants[*],not_validated,not-validated-at-gate,n/a,added_not_in_canonical,n/a,no_field,organisation.json#contact,exists_optional,yes,add-field-blocked-downstream,"Canonical: add organisationTelephoneNumber to defendants[*] as optional (the object is closed, so an undeclared field is a terminal 4xx). An organisation phone reaches Progression via organisation.contact -> contactNumber (work/home/mobile). Blocked at PCFDLRM. NOTE the workbook already has companyTelephoneNumber (-> defendant.telephoneNumberBusiness) so row 63 looks like a duplicate — confirm before adding either. PCFDLRM: PCFDLRM has no home for it yet, so canonical alone makes it write-only",4-pcfdlrm-gap,LIBRA sheet row 63; An organisation phone reaches Progression via organisation.contact -> contactNumber (work/home/mobile). Blocked at PCFDLRM. NOTE the workbook already has companyTelephoneNumber (-> defendant.telephoneNumberBusiness) so row 63 looks like a duplicate — confirm before adding either
convictionDate,$.migratedCase.defendants[*].offences[*].convictionDate,defendants[*].offences[*],not_validated,not-validated-at-gate,n/a,added_not_in_canonical,n/a,no_field,offence.json#convictionDate,exists_optional,yes,add-field-blocked-downstream,"Canonical: add convictionDate to defendants[*].offences[*] as optional (the object is closed, so an undeclared field is a terminal 4xx). Live and reachable in core offence, but PCFDLRM's migrated-offence has no convictionDate, so adding it to canonical alone makes it write-only. PCFDLRM must add it first. PCFDLRM: PCFDLRM has no home for it yet, so canonical alone makes it write-only",4-pcfdlrm-gap,"LIBRA sheet row 153; Live and reachable in core offence, but PCFDLRM's migrated-offence has no convictionDate, so adding it to canonical alone makes it write-only. PCFDLRM must add it first"
informant,$.migratedCase.caseDetails.informant,caseDetails,not_validated,declare,n/a,added_not_in_canonical,n/a,no_field,n/a,no_field,yes,declare-only,"Canonical: nothing downstream models informant, but caseDetails is closed (additionalProperties:false), so a LIBRA payload carrying it is rejected outright. Either declare it as an accepted-but-unmapped optional field, or strip it before the command call — do NOT map it onward. Do not add yet — nothing in PCFDLRM or core. Progression's only informant is a $ref to prosecutingAuthority in a generate-summons schema, different semantics. Func-app: declare informant as optional in the new LIBRA schema — the generated caseDetails is closed (additionalProperties:false), so an undeclared field is rejected at the gate; XHIBIT's own file is unchanged",5-no-downstream-home,"LIBRA sheet row 12; Do not add yet — nothing in PCFDLRM or core. Progression's only informant is a $ref to prosecutingAuthority in a generate-summons schema, different semantics"
writtenChargePostingDate,$.migratedCase.caseDetails.writtenChargePostingDate,caseDetails,not_validated,declare,n/a,added_not_in_canonical,n/a,no_field,n/a,no_field,yes,declare-only,"Canonical: nothing downstream models writtenChargePostingDate, but caseDetails is closed (additionalProperties:false), so a LIBRA payload carrying it is rejected outright. Either declare it as an accepted-but-unmapped optional field, or strip it before the command call — do NOT map it onward. Do not add yet — no PCFDLRM field. Core's nearest match is sjpReferral.noticeDate, in a file NOT reachable from the courtReferral payload. Func-app: declare writtenChargePostingDate as optional in the new LIBRA schema — the generated caseDetails is closed (additionalProperties:false), so an undeclared field is rejected at the gate; XHIBIT's own file is unchanged",5-no-downstream-home,"LIBRA sheet row 11; Do not add yet — no PCFDLRM field. Core's nearest match is sjpReferral.noticeDate, in a file NOT reachable from the courtReferral payload"
prosecutorCosts,$.migratedCase.defendants[*].prosecutorCosts,defendants[*],not_validated,not-validated-at-gate,n/a,added_not_in_canonical,n/a,no_field,n/a,no_field,yes,declare-only,"Canonical: nothing downstream models prosecutorCosts, but defendants[*] is closed (additionalProperties:false), so a LIBRA payload carrying it is rejected outright. Either declare it as an accepted-but-unmapped optional field, or strip it before the command call — do NOT map it onward. Do not add yet — no PCFDLRM field. Core has prosecutorCosts only in summons-document-content.json, NOT reachable from the courtReferral payload (summons document text, not the case model). Func-app: below the gate's validation depth — no change",5-no-downstream-home,"LIBRA sheet row 93; Do not add yet — no PCFDLRM field. Core has prosecutorCosts only in summons-document-content.json, NOT reachable from the courtReferral payload (summons document text, not the case model)"
n/a,$.migratedCase.caseDetails.dateOfCommittal,caseDetails,not_validated,omit,dateOfCommittal,not_in_libra,n/a,already_flowing,n/a,assumed_flowing,yes,relax-combinator,"Canonical: caseDetails requires one of dateOfCommittal/dateOfSending via an anyOf branch, and the LIBRA sheet has none of them — drop or source-system-scope that branch. Guard: relaxing the shared schema drops this check for XHIBIT too — re-impose it in the XHIBIT validation rules keyed on migrationSourceSystemName. Func-app: nothing to do — LIBRA does not supply dateOfCommittal",n/a-already-in-canonical,part of an anyOf required-branch with dateOfSending
n/a,$.migratedCase.caseDetails.dateOfSending,caseDetails,not_validated,omit,dateOfSending,not_in_libra,n/a,already_flowing,n/a,assumed_flowing,yes,relax-combinator,"Canonical: caseDetails requires one of dateOfSending/dateOfCommittal via an anyOf branch, and the LIBRA sheet has none of them — drop or source-system-scope that branch. Guard: relaxing the shared schema drops this check for XHIBIT too — re-impose it in the XHIBIT validation rules keyed on migrationSourceSystemName. Func-app: nothing to do — LIBRA does not supply dateOfSending",n/a-already-in-canonical,part of an anyOf required-branch with dateOfCommittal
n/a,$.migratedCase.caseDetails.dateReceived,caseDetails,required,omit,dateReceived,not_in_libra,n/a,already_flowing,n/a,assumed_flowing,yes,relax-required,"Canonical: make caseDetails.dateReceived optional — LIBRA never supplies it. Guard: relaxing the shared schema drops this check for XHIBIT too — re-impose it in the XHIBIT validation rules keyed on migrationSourceSystemName. Func-app: the XHIBIT gate schema declares dateReceived (required) — the new LIBRA schema must OMIT it, so do not carry the entry across when authoring that file; XHIBIT's own file is unchanged",n/a-already-in-canonical,required in canonical but absent from the LIBRA sheet — blocker
initiationCode,$.migratedCase.caseDetails.initiationCode,caseDetails,required,require,initiationCode,exists_different_constraint,n/a,already_flowing,n/a,assumed_flowing,yes,relax-enum,"Canonical: drop or extend the enum O — LIBRA supplies C, J, Q, S on caseDetails.initiationCode. Guard: relaxing the shared schema drops this check for XHIBIT too — re-impose it in the XHIBIT validation rules keyed on migrationSourceSystemName. Func-app: declare and require initiationCode in the new LIBRA schema — the sheet marks it mandatory for every LIBRA case type; XHIBIT's own file is unchanged",n/a-already-in-canonical,"LIBRA string, maxLength 1 vs canonical string, enum O"
n/a,$.migratedCase.caseDetails.receiptType,caseDetails,required,omit,receiptType,not_in_libra,n/a,already_flowing,n/a,assumed_flowing,yes,relax-required,"Canonical: make caseDetails.receiptType optional — LIBRA never supplies it. Guard: relaxing the shared schema drops this check for XHIBIT too — re-impose it in the XHIBIT validation rules keyed on migrationSourceSystemName. Func-app: the XHIBIT gate schema declares receiptType (required) — the new LIBRA schema must OMIT it, so do not carry the entry across when authoring that file; XHIBIT's own file is unchanged",n/a-already-in-canonical,required in canonical but absent from the LIBRA sheet — blocker
n/a,$.migratedCase.caseDetails.receivingCourt,caseDetails,required,omit,receivingCourt,not_in_libra,n/a,already_flowing,n/a,assumed_flowing,yes,relax-required,"Canonical: make caseDetails.receivingCourt optional — LIBRA never supplies it. Guard: relaxing the shared schema drops this check for XHIBIT too — re-impose it in the XHIBIT validation rules keyed on migrationSourceSystemName. Func-app: the XHIBIT gate schema declares receivingCourt (required) — the new LIBRA schema must OMIT it, so do not carry the entry across when authoring that file; XHIBIT's own file is unchanged",n/a-already-in-canonical,required in canonical but absent from the LIBRA sheet — blocker
n/a,$.migratedCase.caseDetails.retrialIndicator,caseDetails,required,omit,retrialIndicator,not_in_libra,n/a,already_flowing,n/a,assumed_flowing,yes,relax-required,"Canonical: make caseDetails.retrialIndicator optional — LIBRA never supplies it. Guard: relaxing the shared schema drops this check for XHIBIT too — re-impose it in the XHIBIT validation rules keyed on migrationSourceSystemName. Func-app: the XHIBIT gate schema declares retrialIndicator (required) — the new LIBRA schema must OMIT it, so do not carry the entry across when authoring that file; XHIBIT's own file is unchanged",n/a-already-in-canonical,required in canonical but absent from the LIBRA sheet — blocker
n/a,$.migratedCase.hearings[*].durationMinutes,hearings[*],not_validated,not-validated-at-gate,durationMinutes,not_in_libra,n/a,already_flowing,n/a,assumed_flowing,yes,relax-required,Canonical: make hearings[*].durationMinutes optional — LIBRA never supplies it. Guard: relaxing the shared schema drops this check for XHIBIT too — re-impose it in the XHIBIT validation rules keyed on migrationSourceSystemName. Func-app: below the gate's validation depth — no change,n/a-already-in-canonical,required in canonical but absent from the LIBRA sheet — blocker
hearingType,$.migratedCase.hearings[*].hearingType,hearings[*],not_validated,not-validated-at-gate,hearingType,exists_different_constraint,n/a,already_flowing,n/a,assumed_flowing,yes,review-constraint,"Canonical: hearings[*].hearingType — canonical bounds maxLength 10 where the sheet states no limit — confirm LIBRA values fit before deciding. If it is relaxed, guard: relaxing the shared schema drops this check for XHIBIT too — re-impose it in the XHIBIT validation rules keyed on migrationSourceSystemName. Func-app: below the gate's validation depth — no change",n/a-already-in-canonical,"LIBRA string vs canonical string, maxLength 10"
markerTypeCode,$.migratedCase.caseDetails.caseMarkers[*].markerTypeCode,caseDetails.caseMarkers[*],not_validated,declare,markerTypeCode,exists_optional_in_libra_required_in_canonical,n/a,already_flowing,n/a,assumed_flowing,yes,relax-required,"Canonical: make caseDetails.caseMarkers[*].markerTypeCode optional — the sheet marks it optional or conditionally mandatory for at least one LIBRA case type. Guard: relaxing the shared schema drops this check for XHIBIT too — re-impose it in the XHIBIT validation rules keyed on migrationSourceSystemName. Func-app: declare markerTypeCode as optional in the new LIBRA schema — the generated caseDetails is closed (additionalProperties:false), so an undeclared field is rejected at the gate; XHIBIT's own file is unchanged",n/a-already-in-canonical,
arrestDate,$.migratedCase.defendants[*].offences[*].arrestDate,defendants[*].offences[*],not_validated,not-validated-at-gate,arrestDate,exists_different_constraint,n/a,already_flowing,n/a,assumed_flowing,yes,review-constraint,"Canonical: defendants[*].offences[*].arrestDate — canonical enforces a pattern the sheet does not describe — confirm LIBRA values match it. If it is relaxed, guard: relaxing the shared schema drops this check for XHIBIT too — re-impose it in the XHIBIT validation rules keyed on migrationSourceSystemName. Func-app: below the gate's validation depth — no change",n/a-already-in-canonical,"LIBRA string vs canonical string, pattern"
offenceDateCode,$.migratedCase.defendants[*].offences[*].offenceDateCode,defendants[*].offences[*],not_validated,not-validated-at-gate,offenceDateCode,exists_different_constraint,n/a,already_flowing,n/a,assumed_flowing,yes,relax-constraint,Canonical: widen maximum to 9 (canonical 6) on defendants[*].offences[*].offenceDateCode. Guard: relaxing the shared schema drops this check for XHIBIT too — re-impose it in the XHIBIT validation rules keyed on migrationSourceSystemName. Func-app: below the gate's validation depth — no change,n/a-already-in-canonical,"LIBRA integer, maximum 9, minimum 0 vs canonical integer, maximum 6, minimum 1"
n/a,$.migratedCase.defendants[*].offences[*].prosecutorOffenceId,defendants[*].offences[*],not_validated,not-validated-at-gate,prosecutorOffenceId,not_in_libra,n/a,already_flowing,n/a,assumed_flowing,yes,relax-required,Canonical: make defendants[*].offences[*].prosecutorOffenceId optional — LIBRA never supplies it. Guard: relaxing the shared schema drops this check for XHIBIT too — re-impose it in the XHIBIT validation rules keyed on migrationSourceSystemName. Func-app: below the gate's validation depth — no change,n/a-already-in-canonical,required in canonical but absent from the LIBRA sheet — blocker
n/a,$.migratedCase.hearings[*].weekCommencingDate.startDate,hearings[*].weekCommencingDate,not_validated,not-validated-at-gate,startDate,not_in_libra,n/a,already_flowing,n/a,assumed_flowing,yes,relax-required,Canonical: make hearings[*].weekCommencingDate.startDate optional — LIBRA never supplies it. Guard: relaxing the shared schema drops this check for XHIBIT too — re-impose it in the XHIBIT validation rules keyed on migrationSourceSystemName. Func-app: below the gate's validation depth — no change,n/a-already-in-canonical,required in canonical but absent from the LIBRA sheet — blocker
observedEthnicity,$.migratedCase.defendants[*].individual.personalInformation.observedEthnicity,defendants[*].individual.personalInformation,not_validated,not-validated-at-gate,observedEthnicity,exists_different_constraint,n/a,already_flowing,n/a,assumed_flowing,yes,review-constraint,"Canonical: defendants[*].individual.personalInformation.observedEthnicity — type differs — LIBRA string vs canonical integer. If it is relaxed, guard: relaxing the shared schema drops this check for XHIBIT too — re-impose it in the XHIBIT validation rules keyed on migrationSourceSystemName. Func-app: below the gate's validation depth — no change",n/a-already-in-canonical,LIBRA string vs canonical integer
gender,$.migratedCase.defendants[*].individual.selfDefinedInformation.gender,defendants[*].individual.selfDefinedInformation,not_validated,not-validated-at-gate,gender,exists_optional_in_libra_required_in_canonical,n/a,already_flowing,n/a,assumed_flowing,yes,relax-required,Canonical: make defendants[*].individual.selfDefinedInformation.gender optional — the sheet marks it optional or conditionally mandatory for at least one LIBRA case type. Guard: relaxing the shared schema drops this check for XHIBIT too — re-impose it in the XHIBIT validation rules keyed on migrationSourceSystemName. Func-app: below the gate's validation depth — no change,n/a-already-in-canonical,
allocationDecisionCode,$.migratedCase.defendants[*].offences[*].allocationDecision.motReasonId,defendants[*].offences[*].allocationDecision,not_validated,not-validated-at-gate,motReasonId,exists_renamed_and_retyped,n/a,already_flowing,n/a,assumed_flowing,yes,map-rename,"Transformation: LIBRA supplies allocationDecisionCode (a reference-data code) where canonical defendants[*].offences[*].allocationDecision.motReasonId expects a resolved UUID — resolve it in the LIBRA transformation strategy, not by loosening the canonical type. Func-app: below the gate's validation depth — no change",n/a-already-in-canonical,
pleaCode,$.migratedCase.defendants[*].offences[*].plea.id,defendants[*].offences[*].plea,not_validated,not-validated-at-gate,id,exists_renamed_and_retyped,n/a,already_flowing,n/a,assumed_flowing,yes,map-rename,"Transformation: LIBRA supplies pleaCode (a reference-data code) where canonical defendants[*].offences[*].plea.id expects a resolved UUID — resolve it in the LIBRA transformation strategy, not by loosening the canonical type. Func-app: below the gate's validation depth — no change",n/a-already-in-canonical,
verdictCode,$.migratedCase.defendants[*].offences[*].verdict.id,defendants[*].offences[*].verdict,not_validated,not-validated-at-gate,id,exists_renamed_and_retyped,n/a,already_flowing,n/a,assumed_flowing,yes,map-rename,"Transformation: LIBRA supplies verdictCode (a reference-data code) where canonical defendants[*].offences[*].verdict.id expects a resolved UUID — resolve it in the LIBRA transformation strategy, not by loosening the canonical type. Func-app: below the gate's validation depth — no change",n/a-already-in-canonical,
n/a,$.migratedCase.defendants[*].individual.parentGuardianInformation.address.address1,defendants[*].individual.parentGuardianInformation.address,not_validated,not-validated-at-gate,address1,not_in_libra,n/a,already_flowing,n/a,assumed_flowing,yes,relax-required,Canonical: make defendants[*].individual.parentGuardianInformation.address.address1 optional — LIBRA never supplies it. Guard: relaxing the shared schema drops this check for XHIBIT too — re-impose it in the XHIBIT validation rules keyed on migrationSourceSystemName. Func-app: below the gate's validation depth — no change,n/a-already-in-canonical,required in canonical but absent from the LIBRA sheet — blocker
n/a,$.migratedCase.defendants[*].individual.parentGuardianInformation.personalInformation.surname,defendants[*].individual.parentGuardianInformation.personalInformation,not_validated,not-validated-at-gate,surname,not_in_libra,n/a,already_flowing,n/a,assumed_flowing,yes,relax-required,Canonical: make defendants[*].individual.parentGuardianInformation.personalInformation.surname optional — LIBRA never supplies it. Guard: relaxing the shared schema drops this check for XHIBIT too — re-impose it in the XHIBIT validation rules keyed on migrationSourceSystemName. Func-app: below the gate's validation depth — no change,n/a-already-in-canonical,required in canonical but absent from the LIBRA sheet — blocker
n/a,$.migratedCase.defendants[*].individual.personalInformation.address.address1,defendants[*].individual.personalInformation.address,not_validated,not-validated-at-gate,address1,not_in_libra,n/a,already_flowing,n/a,assumed_flowing,yes,relax-required,Canonical: make defendants[*].individual.personalInformation.address.address1 optional — LIBRA never supplies it. Guard: relaxing the shared schema drops this check for XHIBIT too — re-impose it in the XHIBIT validation rules keyed on migrationSourceSystemName. Func-app: below the gate's validation depth — no change,n/a-already-in-canonical,required in canonical but absent from the LIBRA sheet — blocker
n/a,$.migratedCase.defendants[*].individual.parentGuardianInformation.personalInformation.address.address1,defendants[*].individual.parentGuardianInformation.personalInformation.address,not_validated,not-validated-at-gate,address1,not_in_libra,n/a,already_flowing,n/a,assumed_flowing,yes,relax-required,Canonical: make defendants[*].individual.parentGuardianInformation.personalInformation.address.address1 optional — LIBRA never supplies it. Guard: relaxing the shared schema drops this check for XHIBIT too — re-impose it in the XHIBIT validation rules keyed on migrationSourceSystemName. Func-app: below the gate's validation depth — no change,n/a-already-in-canonical,required in canonical but absent from the LIBRA sheet — blocker
cpsOrganisation,$.migratedCase.caseDetails.cpsOrganisation,caseDetails,not_validated,declare,cpsOrganisation,exists_same_constraint,n/a,already_flowing,n/a,assumed_flowing,no,none,"Identical on both sides. Func-app: declare cpsOrganisation as optional in the new LIBRA schema — the generated caseDetails is closed (additionalProperties:false), so an undeclared field is rejected at the gate; XHIBIT's own file is unchanged",n/a-already-in-canonical,
originatingOrganisation,$.migratedCase.caseDetails.originatingOrganisation,caseDetails,required,require,originatingOrganisation,exists_same_constraint,n/a,already_flowing,n/a,assumed_flowing,no,none,Identical on both sides. Func-app: declare and require originatingOrganisation in the new LIBRA schema — the sheet marks it mandatory for every LIBRA case type; XHIBIT's own file is unchanged,n/a-already-in-canonical,
prosecutorCaseReference,$.migratedCase.caseDetails.prosecutorCaseReference,caseDetails,required,require,prosecutorCaseReference,exists_same_constraint,n/a,already_flowing,n/a,assumed_flowing,no,none,Identical on both sides. Func-app: declare and require prosecutorCaseReference in the new LIBRA schema — the sheet marks it mandatory for every LIBRA case type; XHIBIT's own file is unchanged,n/a-already-in-canonical,
n/a,$.migratedCase.caseDetails.sendingCourt,caseDetails,not_validated,omit,sendingCourt,not_in_libra,n/a,already_flowing,n/a,assumed_flowing,no,none,LIBRA does not supply it and canonical already allows that. Func-app: nothing to do — LIBRA does not supply sendingCourt,n/a-already-in-canonical,
aliasForCorporate,$.migratedCase.defendants[*].aliasForCorporate,defendants[*],not_validated,not-validated-at-gate,aliasForCorporate,exists_same_constraint,n/a,already_flowing,n/a,assumed_flowing,no,none,Identical on both sides. Func-app: below the gate's validation depth — no change,n/a-already-in-canonical,
asn,$.migratedCase.defendants[*].asn,defendants[*],not_validated,not-validated-at-gate,asn,exists_same_constraint,n/a,already_flowing,n/a,assumed_flowing,no,none,Identical on both sides. Func-app: below the gate's validation depth — no change,n/a-already-in-canonical,
croNumber,$.migratedCase.defendants[*].croNumber,defendants[*],not_validated,not-validated-at-gate,croNumber,exists_same_constraint,n/a,already_flowing,n/a,assumed_flowing,no,none,Identical on both sides. Func-app: below the gate's validation depth — no change,n/a-already-in-canonical,
documentationLanguage,$.migratedCase.defendants[*].documentationLanguage,defendants[*],not_validated,not-validated-at-gate,documentationLanguage,exists_same_constraint,n/a,already_flowing,n/a,assumed_flowing,no,none,Identical on both sides. Func-app: below the gate's validation depth — no change,n/a-already-in-canonical,
n/a,$.migratedCase.defendants[*].emailAddress1,defendants[*],not_validated,not-validated-at-gate,emailAddress1,not_in_libra,n/a,already_flowing,n/a,assumed_flowing,no,none,LIBRA does not supply it and canonical already allows that. Func-app: below the gate's validation depth — no change,n/a-already-in-canonical,
n/a,$.migratedCase.defendants[*].emailAddress2,defendants[*],not_validated,not-validated-at-gate,emailAddress2,not_in_libra,n/a,already_flowing,n/a,assumed_flowing,no,none,LIBRA does not supply it and canonical already allows that. Func-app: below the gate's validation depth — no change,n/a-already-in-canonical,
hearingLanguage,$.migratedCase.defendants[*].hearingLanguage,defendants[*],not_validated,not-validated-at-gate,hearingLanguage,exists_same_constraint,n/a,already_flowing,n/a,assumed_flowing,no,none,Identical on both sides. Func-app: below the gate's validation depth — no change,n/a-already-in-canonical,
n/a,$.migratedCase.defendants[*].id,defendants[*],not_validated,not-validated-at-gate,id,not_in_libra,n/a,already_flowing,n/a,assumed_flowing,no,none,LIBRA does not supply it and canonical already allows that. Func-app: below the gate's validation depth — no change,n/a-already-in-canonical,
languageRequirement,$.migratedCase.defendants[*].languageRequirement,defendants[*],not_validated,not-validated-at-gate,languageRequirement,exists_same_constraint,n/a,already_flowing,n/a,assumed_flowing,no,none,Identical on both sides. Func-app: below the gate's validation depth — no change,n/a-already-in-canonical,
organisationName,$.migratedCase.defendants[*].organisationName,defendants[*],not_validated,not-validated-at-gate,organisationName,exists_same_constraint,n/a,already_flowing,n/a,assumed_flowing,no,none,Identical on both sides. Func-app: below the gate's validation depth — no change,n/a-already-in-canonical,
pncIdentifier,$.migratedCase.defendants[*].pncIdentifier,defendants[*],not_validated,not-validated-at-gate,pncIdentifier,exists_same_constraint,n/a,already_flowing,n/a,assumed_flowing,no,none,Identical on both sides. Func-app: below the gate's validation depth — no change,n/a-already-in-canonical,
prosecutorDefendantId,$.migratedCase.defendants[*].prosecutorDefendantId,defendants[*],not_validated,not-validated-at-gate,prosecutorDefendantId,exists_same_constraint,n/a,already_flowing,n/a,assumed_flowing,no,none,Identical on both sides. Func-app: below the gate's validation depth — no change,n/a-already-in-canonical,
specificRequirements,$.migratedCase.defendants[*].specificRequirements,defendants[*],not_validated,not-validated-at-gate,specificRequirements,exists_same_constraint,n/a,already_flowing,n/a,assumed_flowing,no,none,Identical on both sides. Func-app: below the gate's validation depth — no change,n/a-already-in-canonical,
telephoneNumberBusiness,$.migratedCase.defendants[*].telephoneNumberBusiness,defendants[*],not_validated,not-validated-at-gate,telephoneNumberBusiness,exists_same_constraint,n/a,already_flowing,n/a,assumed_flowing,no,none,Identical on both sides. Func-app: below the gate's validation depth — no change,n/a-already-in-canonical,
courtHearingLocation,$.migratedCase.hearings[*].courtHearingLocation,hearings[*],not_validated,not-validated-at-gate,courtHearingLocation,exists_same_constraint,n/a,already_flowing,n/a,assumed_flowing,no,none,Identical on both sides. Func-app: below the gate's validation depth — no change,n/a-already-in-canonical,
n/a,$.migratedCase.hearings[*].courtRoomId,hearings[*],not_validated,not-validated-at-gate,courtRoomId,not_in_libra,n/a,already_flowing,n/a,assumed_flowing,no,none,LIBRA does not supply it and canonical already allows that. Func-app: below the gate's validation depth — no change,n/a-already-in-canonical,
dateOfHearing,$.migratedCase.hearings[*].dateOfHearing,hearings[*],not_validated,not-validated-at-gate,dateOfHearing,exists_required_in_libra_optional_in_canonical,n/a,already_flowing,n/a,assumed_flowing,no,libra-rule-only,"Canonical already permits it; the sheet's mandatory mark for dateOfHearing must be enforced in the LIBRA validation rules, not the shared schema. Func-app: below the gate's validation depth — no change",n/a-already-in-canonical,
timeOfHearing,$.migratedCase.hearings[*].timeOfHearing,hearings[*],not_validated,not-validated-at-gate,timeOfHearing,exists_required_in_libra_optional_in_canonical,n/a,already_flowing,n/a,assumed_flowing,no,libra-rule-only,"Canonical already permits it; the sheet's mandatory mark for timeOfHearing must be enforced in the LIBRA validation rules, not the shared schema. Func-app: below the gate's validation depth — no change",n/a-already-in-canonical,
migrationSourceSystemCaseIdentifier,$.migratedCase.migrationSourceSystem.migrationSourceSystemCaseIdentifier,migrationSourceSystem,not_validated,not-validated-at-gate,migrationSourceSystemCaseIdentifier,exists_different_constraint,n/a,already_flowing,n/a,assumed_flowing,no,libra-rule-only,Canonical already permits LIBRA's values; the sheet's tighter rule belongs in the LIBRA validation rules. Func-app: below the gate's validation depth — no change,n/a-already-in-canonical,"LIBRA string, maxLength 100 vs canonical string"
migrationSourceSystemName,$.migratedCase.migrationSourceSystem.migrationSourceSystemName,migrationSourceSystem,not_validated,not-validated-at-gate,migrationSourceSystemName,exists_same_constraint,n/a,already_flowing,n/a,assumed_flowing,no,none,Identical on both sides. Func-app: below the gate's validation depth — no change,n/a-already-in-canonical,
prosecutingAuthority,$.migratedCase.caseDetails.prosecutor.prosecutingAuthority,caseDetails.prosecutor,optional,require,prosecutingAuthority,exists_same_constraint,n/a,already_flowing,n/a,assumed_flowing,no,none,Identical on both sides. Func-app: declare and require prosecutingAuthority in the new LIBRA schema — the sheet marks it mandatory for every LIBRA case type; XHIBIT's own file is unchanged,n/a-already-in-canonical,
address1,$.migratedCase.defendants[*].address.address1,defendants[*].address,not_validated,not-validated-at-gate,address1,exists_same_constraint,n/a,already_flowing,n/a,assumed_flowing,no,none,Identical on both sides. Func-app: below the gate's validation depth — no change,n/a-already-in-canonical,
address2,$.migratedCase.defendants[*].address.address2,defendants[*].address,not_validated,not-validated-at-gate,address2,exists_same_constraint,n/a,already_flowing,n/a,assumed_flowing,no,none,Identical on both sides. Func-app: below the gate's validation depth — no change,n/a-already-in-canonical,
address3,$.migratedCase.defendants[*].address.address3,defendants[*].address,not_validated,not-validated-at-gate,address3,exists_same_constraint,n/a,already_flowing,n/a,assumed_flowing,no,none,Identical on both sides. Func-app: below the gate's validation depth — no change,n/a-already-in-canonical,
address4,$.migratedCase.defendants[*].address.address4,defendants[*].address,not_validated,not-validated-at-gate,address4,exists_same_constraint,n/a,already_flowing,n/a,assumed_flowing,no,none,Identical on both sides. Func-app: below the gate's validation depth — no change,n/a-already-in-canonical,
address5,$.migratedCase.defendants[*].address.address5,defendants[*].address,not_validated,not-validated-at-gate,address5,exists_same_constraint,n/a,already_flowing,n/a,assumed_flowing,no,none,Identical on both sides. Func-app: below the gate's validation depth — no change,n/a-already-in-canonical,
postcode,$.migratedCase.defendants[*].address.postcode,defendants[*].address,not_validated,not-validated-at-gate,postcode,exists_same_constraint,n/a,already_flowing,n/a,assumed_flowing,no,none,Identical on both sides. Func-app: below the gate's validation depth — no change,n/a-already-in-canonical,
bailConditions,$.migratedCase.defendants[*].individual.bailConditions,defendants[*].individual,not_validated,not-validated-at-gate,bailConditions,exists_same_constraint,n/a,already_flowing,n/a,assumed_flowing,no,none,Identical on both sides. Func-app: below the gate's validation depth — no change,n/a-already-in-canonical,
custodyStatus,$.migratedCase.defendants[*].individual.custodyStatus,defendants[*].individual,not_validated,not-validated-at-gate,custodyStatus,exists_same_constraint,n/a,already_flowing,n/a,assumed_flowing,no,none,Identical on both sides. Func-app: below the gate's validation depth — no change,n/a-already-in-canonical,
n/a,$.migratedCase.defendants[*].individual.custodyTimeLimit,defendants[*].individual,not_validated,not-validated-at-gate,custodyTimeLimit,not_in_libra,n/a,already_flowing,n/a,assumed_flowing,no,none,LIBRA does not supply it and canonical already allows that. Func-app: below the gate's validation depth — no change,n/a-already-in-canonical,
firstName,$.migratedCase.defendants[*].individualAliases[*].firstName,defendants[*].individualAliases[*],not_validated,not-validated-at-gate,firstName,exists_different_constraint,n/a,already_flowing,n/a,assumed_flowing,no,libra-rule-only,Canonical already permits LIBRA's values; the sheet's tighter rule belongs in the LIBRA validation rules. Func-app: below the gate's validation depth — no change,n/a-already-in-canonical,"LIBRA string, maxLength 35 vs canonical string"
givenName2,$.migratedCase.defendants[*].individualAliases[*].givenName2,defendants[*].individualAliases[*],not_validated,not-validated-at-gate,givenName2,exists_different_constraint,n/a,already_flowing,n/a,assumed_flowing,no,libra-rule-only,Canonical already permits LIBRA's values; the sheet's tighter rule belongs in the LIBRA validation rules. Func-app: below the gate's validation depth — no change,n/a-already-in-canonical,"LIBRA string, maxLength 35 vs canonical string"
givenName3,$.migratedCase.defendants[*].individualAliases[*].givenName3,defendants[*].individualAliases[*],not_validated,not-validated-at-gate,givenName3,exists_different_constraint,n/a,already_flowing,n/a,assumed_flowing,no,libra-rule-only,Canonical already permits LIBRA's values; the sheet's tighter rule belongs in the LIBRA validation rules. Func-app: below the gate's validation depth — no change,n/a-already-in-canonical,"LIBRA string, maxLength 35 vs canonical string"
lastName,$.migratedCase.defendants[*].individualAliases[*].lastName,defendants[*].individualAliases[*],not_validated,not-validated-at-gate,lastName,exists_different_constraint,n/a,already_flowing,n/a,assumed_flowing,no,libra-rule-only,Canonical already permits LIBRA's values; the sheet's tighter rule belongs in the LIBRA validation rules. Func-app: below the gate's validation depth — no change,n/a-already-in-canonical,"LIBRA string, maxLength 35 vs canonical string"
n/a,$.migratedCase.defendants[*].individualAliases[*].title,defendants[*].individualAliases[*],not_validated,not-validated-at-gate,title,not_in_libra,n/a,already_flowing,n/a,assumed_flowing,no,none,LIBRA does not supply it and canonical already allows that. Func-app: below the gate's validation depth — no change,n/a-already-in-canonical,
chargeDate,$.migratedCase.defendants[*].offences[*].chargeDate,defendants[*].offences[*],not_validated,not-validated-at-gate,chargeDate,exists_same_constraint,n/a,already_flowing,n/a,assumed_flowing,no,none,Identical on both sides. Func-app: below the gate's validation depth — no change,n/a-already-in-canonical,
n/a,$.migratedCase.defendants[*].offences[*].convictingCourtCode,defendants[*].offences[*],not_validated,not-validated-at-gate,convictingCourtCode,not_in_libra,n/a,already_flowing,n/a,assumed_flowing,no,none,LIBRA does not supply it and canonical already allows that. Func-app: below the gate's validation depth — no change,n/a-already-in-canonical,
n/a,$.migratedCase.defendants[*].offences[*].count,defendants[*].offences[*],not_validated,not-validated-at-gate,count,not_in_libra,n/a,already_flowing,n/a,assumed_flowing,no,none,LIBRA does not supply it and canonical already allows that. Func-app: below the gate's validation depth — no change,n/a-already-in-canonical,
offenceCode,$.migratedCase.defendants[*].offences[*].offenceCode,defendants[*].offences[*],not_validated,not-validated-at-gate,offenceCode,exists_same_constraint,n/a,already_flowing,n/a,assumed_flowing,no,none,Identical on both sides. Func-app: below the gate's validation depth — no change,n/a-already-in-canonical,
offenceCommittedDate,$.migratedCase.defendants[*].offences[*].offenceCommittedDate,defendants[*].offences[*],not_validated,not-validated-at-gate,offenceCommittedDate,exists_same_constraint,n/a,already_flowing,n/a,assumed_flowing,no,none,Identical on both sides. Func-app: below the gate's validation depth — no change,n/a-already-in-canonical,
offenceCommittedEndDate,$.migratedCase.defendants[*].offences[*].offenceCommittedEndDate,defendants[*].offences[*],not_validated,not-validated-at-gate,offenceCommittedEndDate,exists_same_constraint,n/a,already_flowing,n/a,assumed_flowing,no,none,Identical on both sides. Func-app: below the gate's validation depth — no change,n/a-already-in-canonical,
offenceLocation,$.migratedCase.defendants[*].offences[*].offenceLocation,defendants[*].offences[*],not_validated,not-validated-at-gate,offenceLocation,exists_same_constraint,n/a,already_flowing,n/a,assumed_flowing,no,none,Identical on both sides. Func-app: below the gate's validation depth — no change,n/a-already-in-canonical,
offenceSequenceNumber,$.migratedCase.defendants[*].offences[*].offenceSequenceNumber,defendants[*].offences[*],not_validated,not-validated-at-gate,offenceSequenceNumber,exists_different_constraint,n/a,already_flowing,n/a,assumed_flowing,no,none,Generator artefact only (minimum:0 added for N-format integers) — not a real difference. Func-app: below the gate's validation depth — no change,n/a-already-in-canonical,"LIBRA integer, maximum 999, minimum 0 vs canonical integer, maximum 999"
offenceWording,$.migratedCase.defendants[*].offences[*].offenceWording,defendants[*].offences[*],not_validated,not-validated-at-gate,offenceWording,exists_same_constraint,n/a,already_flowing,n/a,assumed_flowing,no,none,Identical on both sides. Func-app: below the gate's validation depth — no change,n/a-already-in-canonical,
offenceWordingWelsh,$.migratedCase.defendants[*].offences[*].offenceWordingWelsh,defendants[*].offences[*],not_validated,not-validated-at-gate,offenceWordingWelsh,exists_same_constraint,n/a,already_flowing,n/a,assumed_flowing,no,none,Identical on both sides. Func-app: below the gate's validation depth — no change,n/a-already-in-canonical,
listedOffences,$.migratedCase.hearings[*].listedDefendants[*].listedOffences,hearings[*].listedDefendants[*],not_validated,not-validated-at-gate,listedOffences,exists_same_constraint,n/a,already_flowing,n/a,assumed_flowing,no,none,Identical on both sides. Func-app: below the gate's validation depth — no change,n/a-already-in-canonical,
prosecutorDefendantId,$.migratedCase.hearings[*].listedDefendants[*].prosecutorDefendantId,hearings[*].listedDefendants[*],not_validated,not-validated-at-gate,prosecutorDefendantId,exists_same_constraint,n/a,already_flowing,n/a,assumed_flowing,no,none,Identical on both sides. Func-app: below the gate's validation depth — no change,n/a-already-in-canonical,
n/a,$.migratedCase.hearings[*].weekCommencingDate.duration,hearings[*].weekCommencingDate,not_validated,not-validated-at-gate,duration,not_in_libra,n/a,already_flowing,n/a,assumed_flowing,no,none,LIBRA does not supply it and canonical already allows that. Func-app: below the gate's validation depth — no change,n/a-already-in-canonical,
n/a,$.migratedCase.defendants[*].individual.parentGuardianInformation.companyTelephoneNumber,defendants[*].individual.parentGuardianInformation,not_validated,not-validated-at-gate,companyTelephoneNumber,not_in_libra,n/a,already_flowing,n/a,assumed_flowing,no,none,LIBRA does not supply it and canonical already allows that. Func-app: below the gate's validation depth — no change,n/a-already-in-canonical,
n/a,$.migratedCase.defendants[*].individual.parentGuardianInformation.dateOfBirth,defendants[*].individual.parentGuardianInformation,not_validated,not-validated-at-gate,dateOfBirth,not_in_libra,n/a,already_flowing,n/a,assumed_flowing,no,none,LIBRA does not supply it and canonical already allows that. Func-app: below the gate's validation depth — no change,n/a-already-in-canonical,
n/a,$.migratedCase.defendants[*].individual.parentGuardianInformation.gender,defendants[*].individual.parentGuardianInformation,not_validated,not-validated-at-gate,gender,not_in_libra,n/a,already_flowing,n/a,assumed_flowing,no,none,LIBRA does not supply it and canonical already allows that. Func-app: below the gate's validation depth — no change,n/a-already-in-canonical,
n/a,$.migratedCase.defendants[*].individual.parentGuardianInformation.organisationName,defendants[*].individual.parentGuardianInformation,not_validated,not-validated-at-gate,organisationName,not_in_libra,n/a,already_flowing,n/a,assumed_flowing,no,none,LIBRA does not supply it and canonical already allows that. Func-app: below the gate's validation depth — no change,n/a-already-in-canonical,
n/a,$.migratedCase.defendants[*].individual.parentGuardianInformation.selfDefinedEthnicity,defendants[*].individual.parentGuardianInformation,not_validated,not-validated-at-gate,selfDefinedEthnicity,not_in_libra,n/a,already_flowing,n/a,assumed_flowing,no,none,LIBRA does not supply it and canonical already allows that. Func-app: below the gate's validation depth — no change,n/a-already-in-canonical,
forename,$.migratedCase.defendants[*].individual.personalInformation.forename,defendants[*].individual.personalInformation,not_validated,not-validated-at-gate,forename,exists_required_in_libra_optional_in_canonical,n/a,already_flowing,n/a,assumed_flowing,no,libra-rule-only,"Canonical already permits it; the sheet's mandatory mark for forename must be enforced in the LIBRA validation rules, not the shared schema. Func-app: below the gate's validation depth — no change",n/a-already-in-canonical,
middleName,$.migratedCase.defendants[*].individual.personalInformation.middleName,defendants[*].individual.personalInformation,not_validated,not-validated-at-gate,middleName,exists_same_constraint,n/a,already_flowing,n/a,assumed_flowing,no,none,Identical on both sides. Func-app: below the gate's validation depth — no change,n/a-already-in-canonical,
surname,$.migratedCase.defendants[*].individual.personalInformation.surname,defendants[*].individual.personalInformation,not_validated,not-validated-at-gate,surname,exists_same_constraint,n/a,already_flowing,n/a,assumed_flowing,no,none,Identical on both sides. Func-app: below the gate's validation depth — no change,n/a-already-in-canonical,
title,$.migratedCase.defendants[*].individual.personalInformation.title,defendants[*].individual.personalInformation,not_validated,not-validated-at-gate,title,exists_same_constraint,n/a,already_flowing,n/a,assumed_flowing,no,none,Identical on both sides. Func-app: below the gate's validation depth — no change,n/a-already-in-canonical,
dateOfBirth,$.migratedCase.defendants[*].individual.selfDefinedInformation.dateOfBirth,defendants[*].individual.selfDefinedInformation,not_validated,not-validated-at-gate,dateOfBirth,exists_same_constraint,n/a,already_flowing,n/a,assumed_flowing,no,none,Identical on both sides. Func-app: below the gate's validation depth — no change,n/a-already-in-canonical,
ethnicity,$.migratedCase.defendants[*].individual.selfDefinedInformation.ethnicity,defendants[*].individual.selfDefinedInformation,not_validated,not-validated-at-gate,ethnicity,exists_same_constraint,n/a,already_flowing,n/a,assumed_flowing,no,none,Identical on both sides. Func-app: below the gate's validation depth — no change,n/a-already-in-canonical,
nationality,$.migratedCase.defendants[*].individual.selfDefinedInformation.nationality,defendants[*].individual.selfDefinedInformation,not_validated,not-validated-at-gate,nationality,exists_same_constraint,n/a,already_flowing,n/a,assumed_flowing,no,none,Identical on both sides. Func-app: below the gate's validation depth — no change,n/a-already-in-canonical,
alcoholOrDrugLevelAmount,$.migratedCase.defendants[*].offences[*].alcoholRelatedOffence.alcoholOrDrugLevelAmount,defendants[*].offences[*].alcoholRelatedOffence,not_validated,not-validated-at-gate,alcoholOrDrugLevelAmount,exists_different_constraint,n/a,already_flowing,n/a,assumed_flowing,no,none,Generator artefact only (minimum:0 added for N-format integers) — not a real difference. Func-app: below the gate's validation depth — no change,n/a-already-in-canonical,"LIBRA integer, maximum 999, minimum 0 vs canonical integer, maximum 999"
alcoholOrDrugLevelMethod,$.migratedCase.defendants[*].offences[*].alcoholRelatedOffence.alcoholOrDrugLevelMethod,defendants[*].offences[*].alcoholRelatedOffence,not_validated,not-validated-at-gate,alcoholOrDrugLevelMethod,exists_same_constraint,n/a,already_flowing,n/a,assumed_flowing,no,none,Identical on both sides. Func-app: below the gate's validation depth — no change,n/a-already-in-canonical,
allocationDecisionDate,$.migratedCase.defendants[*].offences[*].allocationDecision.allocationDecisionDate,defendants[*].offences[*].allocationDecision,not_validated,not-validated-at-gate,allocationDecisionDate,exists_same_constraint,n/a,already_flowing,n/a,assumed_flowing,no,none,Identical on both sides. Func-app: below the gate's validation depth — no change,n/a-already-in-canonical,
pleaDate,$.migratedCase.defendants[*].offences[*].plea.pleaDate,defendants[*].offences[*].plea,not_validated,not-validated-at-gate,pleaDate,exists_same_constraint,n/a,already_flowing,n/a,assumed_flowing,no,none,Identical on both sides. Func-app: below the gate's validation depth — no change,n/a-already-in-canonical,
verdictDate,$.migratedCase.defendants[*].offences[*].verdict.verdictDate,defendants[*].offences[*].verdict,not_validated,not-validated-at-gate,verdictDate,exists_same_constraint,n/a,already_flowing,n/a,assumed_flowing,no,none,Identical on both sides. Func-app: below the gate's validation depth — no change,n/a-already-in-canonical,
n/a,$.migratedCase.defendants[*].individual.parentGuardianInformation.address.address2,defendants[*].individual.parentGuardianInformation.address,not_validated,not-validated-at-gate,address2,not_in_libra,n/a,already_flowing,n/a,assumed_flowing,no,none,LIBRA does not supply it and canonical already allows that. Func-app: below the gate's validation depth — no change,n/a-already-in-canonical,
n/a,$.migratedCase.defendants[*].individual.parentGuardianInformation.address.address3,defendants[*].individual.parentGuardianInformation.address,not_validated,not-validated-at-gate,address3,not_in_libra,n/a,already_flowing,n/a,assumed_flowing,no,none,LIBRA does not supply it and canonical already allows that. Func-app: below the gate's validation depth — no change,n/a-already-in-canonical,
n/a,$.migratedCase.defendants[*].individual.parentGuardianInformation.address.address4,defendants[*].individual.parentGuardianInformation.address,not_validated,not-validated-at-gate,address4,not_in_libra,n/a,already_flowing,n/a,assumed_flowing,no,none,LIBRA does not supply it and canonical already allows that. Func-app: below the gate's validation depth — no change,n/a-already-in-canonical,
n/a,$.migratedCase.defendants[*].individual.parentGuardianInformation.address.address5,defendants[*].individual.parentGuardianInformation.address,not_validated,not-validated-at-gate,address5,not_in_libra,n/a,already_flowing,n/a,assumed_flowing,no,none,LIBRA does not supply it and canonical already allows that. Func-app: below the gate's validation depth — no change,n/a-already-in-canonical,
n/a,$.migratedCase.defendants[*].individual.parentGuardianInformation.address.postcode,defendants[*].individual.parentGuardianInformation.address,not_validated,not-validated-at-gate,postcode,not_in_libra,n/a,already_flowing,n/a,assumed_flowing,no,none,LIBRA does not supply it and canonical already allows that. Func-app: below the gate's validation depth — no change,n/a-already-in-canonical,
n/a,$.migratedCase.defendants[*].individual.parentGuardianInformation.personalInformation.forename,defendants[*].individual.parentGuardianInformation.personalInformation,not_validated,not-validated-at-gate,forename,not_in_libra,n/a,already_flowing,n/a,assumed_flowing,no,none,LIBRA does not supply it and canonical already allows that. Func-app: below the gate's validation depth — no change,n/a-already-in-canonical,
n/a,$.migratedCase.defendants[*].individual.parentGuardianInformation.personalInformation.middleName,defendants[*].individual.parentGuardianInformation.personalInformation,not_validated,not-validated-at-gate,middleName,not_in_libra,n/a,already_flowing,n/a,assumed_flowing,no,none,LIBRA does not supply it and canonical already allows that. Func-app: below the gate's validation depth — no change,n/a-already-in-canonical,
n/a,$.migratedCase.defendants[*].individual.parentGuardianInformation.personalInformation.observedEthnicity,defendants[*].individual.parentGuardianInformation.personalInformation,not_validated,not-validated-at-gate,observedEthnicity,not_in_libra,n/a,already_flowing,n/a,assumed_flowing,no,none,LIBRA does not supply it and canonical already allows that. Func-app: below the gate's validation depth — no change,n/a-already-in-canonical,
n/a,$.migratedCase.defendants[*].individual.parentGuardianInformation.personalInformation.title,defendants[*].individual.parentGuardianInformation.personalInformation,not_validated,not-validated-at-gate,title,not_in_libra,n/a,already_flowing,n/a,assumed_flowing,no,none,LIBRA does not supply it and canonical already allows that. Func-app: below the gate's validation depth — no change,n/a-already-in-canonical,
n/a,$.migratedCase.defendants[*].individual.personalInformation.address.address2,defendants[*].individual.personalInformation.address,not_validated,not-validated-at-gate,address2,not_in_libra,n/a,already_flowing,n/a,assumed_flowing,no,none,LIBRA does not supply it and canonical already allows that. Func-app: below the gate's validation depth — no change,n/a-already-in-canonical,
n/a,$.migratedCase.defendants[*].individual.personalInformation.address.address3,defendants[*].individual.personalInformation.address,not_validated,not-validated-at-gate,address3,not_in_libra,n/a,already_flowing,n/a,assumed_flowing,no,none,LIBRA does not supply it and canonical already allows that. Func-app: below the gate's validation depth — no change,n/a-already-in-canonical,
n/a,$.migratedCase.defendants[*].individual.personalInformation.address.address4,defendants[*].individual.personalInformation.address,not_validated,not-validated-at-gate,address4,not_in_libra,n/a,already_flowing,n/a,assumed_flowing,no,none,LIBRA does not supply it and canonical already allows that. Func-app: below the gate's validation depth — no change,n/a-already-in-canonical,
n/a,$.migratedCase.defendants[*].individual.personalInformation.address.address5,defendants[*].individual.personalInformation.address,not_validated,not-validated-at-gate,address5,not_in_libra,n/a,already_flowing,n/a,assumed_flowing,no,none,LIBRA does not supply it and canonical already allows that. Func-app: below the gate's validation depth — no change,n/a-already-in-canonical,
n/a,$.migratedCase.defendants[*].individual.personalInformation.address.postcode,defendants[*].individual.personalInformation.address,not_validated,not-validated-at-gate,postcode,not_in_libra,n/a,already_flowing,n/a,assumed_flowing,no,none,LIBRA does not supply it and canonical already allows that. Func-app: below the gate's validation depth — no change,n/a-already-in-canonical,
home,$.migratedCase.defendants[*].individual.personalInformation.contactDetails.home,defendants[*].individual.personalInformation.contactDetails,not_validated,not-validated-at-gate,home,exists_same_constraint,n/a,already_flowing,n/a,assumed_flowing,no,none,Identical on both sides. Func-app: below the gate's validation depth — no change,n/a-already-in-canonical,
mobile,$.migratedCase.defendants[*].individual.personalInformation.contactDetails.mobile,defendants[*].individual.personalInformation.contactDetails,not_validated,not-validated-at-gate,mobile,exists_same_constraint,n/a,already_flowing,n/a,assumed_flowing,no,none,Identical on both sides. Func-app: below the gate's validation depth — no change,n/a-already-in-canonical,
primaryEmail,$.migratedCase.defendants[*].individual.personalInformation.contactDetails.primaryEmail,defendants[*].individual.personalInformation.contactDetails,not_validated,not-validated-at-gate,primaryEmail,exists_same_constraint,n/a,already_flowing,n/a,assumed_flowing,no,none,Identical on both sides. Func-app: below the gate's validation depth — no change,n/a-already-in-canonical,
secondaryEmail,$.migratedCase.defendants[*].individual.personalInformation.contactDetails.secondaryEmail,defendants[*].individual.personalInformation.contactDetails,not_validated,not-validated-at-gate,secondaryEmail,exists_same_constraint,n/a,already_flowing,n/a,assumed_flowing,no,none,Identical on both sides. Func-app: below the gate's validation depth — no change,n/a-already-in-canonical,
work,$.migratedCase.defendants[*].individual.personalInformation.contactDetails.work,defendants[*].individual.personalInformation.contactDetails,not_validated,not-validated-at-gate,work,exists_same_constraint,n/a,already_flowing,n/a,assumed_flowing,no,none,Identical on both sides. Func-app: below the gate's validation depth — no change,n/a-already-in-canonical,
n/a,$.migratedCase.defendants[*].individual.parentGuardianInformation.personalInformation.address.address2,defendants[*].individual.parentGuardianInformation.personalInformation.address,not_validated,not-validated-at-gate,address2,not_in_libra,n/a,already_flowing,n/a,assumed_flowing,no,none,LIBRA does not supply it and canonical already allows that. Func-app: below the gate's validation depth — no change,n/a-already-in-canonical,
n/a,$.migratedCase.defendants[*].individual.parentGuardianInformation.personalInformation.address.address3,defendants[*].individual.parentGuardianInformation.personalInformation.address,not_validated,not-validated-at-gate,address3,not_in_libra,n/a,already_flowing,n/a,assumed_flowing,no,none,LIBRA does not supply it and canonical already allows that. Func-app: below the gate's validation depth — no change,n/a-already-in-canonical,
n/a,$.migratedCase.defendants[*].individual.parentGuardianInformation.personalInformation.address.address4,defendants[*].individual.parentGuardianInformation.personalInformation.address,not_validated,not-validated-at-gate,address4,not_in_libra,n/a,already_flowing,n/a,assumed_flowing,no,none,LIBRA does not supply it and canonical already allows that. Func-app: below the gate's validation depth — no change,n/a-already-in-canonical,
n/a,$.migratedCase.defendants[*].individual.parentGuardianInformation.personalInformation.address.address5,defendants[*].individual.parentGuardianInformation.personalInformation.address,not_validated,not-validated-at-gate,address5,not_in_libra,n/a,already_flowing,n/a,assumed_flowing,no,none,LIBRA does not supply it and canonical already allows that. Func-app: below the gate's validation depth — no change,n/a-already-in-canonical,
n/a,$.migratedCase.defendants[*].individual.parentGuardianInformation.personalInformation.address.postcode,defendants[*].individual.parentGuardianInformation.personalInformation.address,not_validated,not-validated-at-gate,postcode,not_in_libra,n/a,already_flowing,n/a,assumed_flowing,no,none,LIBRA does not supply it and canonical already allows that. Func-app: below the gate's validation depth — no change,n/a-already-in-canonical,
n/a,$.migratedCase.defendants[*].individual.parentGuardianInformation.personalInformation.contactDetails.home,defendants[*].individual.parentGuardianInformation.personalInformation.contactDetails,not_validated,not-validated-at-gate,home,not_in_libra,n/a,already_flowing,n/a,assumed_flowing,no,none,LIBRA does not supply it and canonical already allows that. Func-app: below the gate's validation depth — no change,n/a-already-in-canonical,
n/a,$.migratedCase.defendants[*].individual.parentGuardianInformation.personalInformation.contactDetails.mobile,defendants[*].individual.parentGuardianInformation.personalInformation.contactDetails,not_validated,not-validated-at-gate,mobile,not_in_libra,n/a,already_flowing,n/a,assumed_flowing,no,none,LIBRA does not supply it and canonical already allows that. Func-app: below the gate's validation depth — no change,n/a-already-in-canonical,
n/a,$.migratedCase.defendants[*].individual.parentGuardianInformation.personalInformation.contactDetails.primaryEmail,defendants[*].individual.parentGuardianInformation.personalInformation.contactDetails,not_validated,not-validated-at-gate,primaryEmail,not_in_libra,n/a,already_flowing,n/a,assumed_flowing,no,none,LIBRA does not supply it and canonical already allows that. Func-app: below the gate's validation depth — no change,n/a-already-in-canonical,
n/a,$.migratedCase.defendants[*].individual.parentGuardianInformation.personalInformation.contactDetails.secondaryEmail,defendants[*].individual.parentGuardianInformation.personalInformation.contactDetails,not_validated,not-validated-at-gate,secondaryEmail,not_in_libra,n/a,already_flowing,n/a,assumed_flowing,no,none,LIBRA does not supply it and canonical already allows that. Func-app: below the gate's validation depth — no change,n/a-already-in-canonical,
n/a,$.migratedCase.defendants[*].individual.parentGuardianInformation.personalInformation.contactDetails.work,defendants[*].individual.parentGuardianInformation.personalInformation.contactDetails,not_validated,not-validated-at-gate,work,not_in_libra,n/a,already_flowing,n/a,assumed_flowing,no,none,LIBRA does not supply it and canonical already allows that. Func-app: below the gate's validation depth — no change,n/a-already-in-canonical,
